{
  "getHost-0" : {
    "transaction" : "getHost-0",
    "sampleCount" : 1595,
    "errorCount" : 0,
    "errorPct" : 0.0,
    "meanResTime" : 796.2188087774301,
    "medianResTime" : 515.0,
    "minResTime" : 89.0,
    "maxResTime" : 10330.0,
    "pct1ResTime" : 1778.6000000000017,
    "pct2ResTime" : 2660.7999999999993,
    "pct3ResTime" : 4070.6799999999957,
    "throughput" : 6.617104073149077,
    "receivedKBytesPerSec" : 4.142532894941546,
    "sentKBytesPerSec" : 1.6383822956683898
  },
  "postLogin-0" : {
    "transaction" : "postLogin-0",
    "sampleCount" : 1513,
    "errorCount" : 0,
    "errorPct" : 0.0,
    "meanResTime" : 790.0601454064773,
    "medianResTime" : 487.0,
    "minResTime" : 92.0,
    "maxResTime" : 6583.0,
    "pct1ResTime" : 1878.200000000001,
    "pct2ResTime" : 2859.0999999999985,
    "pct3ResTime" : 4539.599999999989,
    "throughput" : 6.346210309970219,
    "receivedKBytesPerSec" : 34.90778179527914,
    "sentKBytesPerSec" : 2.4720577209429133
  },
  "postLogin-1" : {
    "transaction" : "postLogin-1",
    "sampleCount" : 1513,
    "errorCount" : 0,
    "errorPct" : 0.0,
    "meanResTime" : 787.747521480502,
    "medianResTime" : 490.0,
    "minResTime" : 93.0,
    "maxResTime" : 6133.0,
    "pct1ResTime" : 1853.200000000001,
    "pct2ResTime" : 2695.5,
    "pct3ResTime" : 4571.599999999984,
    "throughput" : 6.331630112278676,
    "receivedKBytesPerSec" : 3.944947309214133,
    "sentKBytesPerSec" : 1.6572697879134077
  },
  "postPassword-1" : {
    "transaction" : "postPassword-1",
    "sampleCount" : 1563,
    "errorCount" : 0,
    "errorPct" : 0.0,
    "meanResTime" : 740.5950095969283,
    "medianResTime" : 465.0,
    "minResTime" : 85.0,
    "maxResTime" : 5934.0,
    "pct1ResTime" : 1592.8000000000004,
    "pct2ResTime" : 2557.5999999999995,
    "pct3ResTime" : 4477.919999999993,
    "throughput" : 6.485154266177618,
    "receivedKBytesPerSec" : 3.9963040286894427,
    "sentKBytesPerSec" : 1.88093185583083
  },
  "postLogin-2" : {
    "transaction" : "postLogin-2",
    "sampleCount" : 1513,
    "errorCount" : 0,
    "errorPct" : 0.0,
    "meanResTime" : 1106.614011896896,
    "medianResTime" : 801.0,
    "minResTime" : 224.0,
    "maxResTime" : 9001.0,
    "pct1ResTime" : 2273.6000000000004,
    "pct2ResTime" : 3045.8999999999987,
    "pct3ResTime" : 5004.079999999997,
    "throughput" : 6.327869812338719,
    "receivedKBytesPerSec" : 316.72863272215506,
    "sentKBytesPerSec" : 1.6995424723756907
  },
  "getHost-1" : {
    "transaction" : "getHost-1",
    "sampleCount" : 1595,
    "errorCount" : 0,
    "errorPct" : 0.0,
    "meanResTime" : 1039.7379310344813,
    "medianResTime" : 741.0,
    "minResTime" : 93.0,
    "maxResTime" : 6443.0,
    "pct1ResTime" : 2085.400000000001,
    "pct2ResTime" : 2971.3999999999996,
    "pct3ResTime" : 4532.959999999993,
    "throughput" : 6.6077013898958095,
    "receivedKBytesPerSec" : 319.6195142420304,
    "sentKBytesPerSec" : 1.749980095335253
  },
  "postPassword-0" : {
    "transaction" : "postPassword-0",
    "sampleCount" : 1563,
    "errorCount" : 0,
    "errorPct" : 0.0,
    "meanResTime" : 896.9609724888037,
    "medianResTime" : 615.0,
    "minResTime" : 98.0,
    "maxResTime" : 6683.0,
    "pct1ResTime" : 1927.4000000000012,
    "pct2ResTime" : 2740.2,
    "pct3ResTime" : 4604.08,
    "throughput" : 6.487576892106159,
    "receivedKBytesPerSec" : 5.372565148159985,
    "sentKBytesPerSec" : 2.6171592880683376
  },
  "postReport" : {
    "transaction" : "postReport",
    "sampleCount" : 661,
    "errorCount" : 0,
    "errorPct" : 0.0,
    "meanResTime" : 1991.8547655068069,
    "medianResTime" : 1633.0,
    "minResTime" : 336.0,
    "maxResTime" : 8229.0,
    "pct1ResTime" : 3660.2000000000003,
    "pct2ResTime" : 4376.9,
    "pct3ResTime" : 5939.94,
    "throughput" : 2.756854599901571,
    "receivedKBytesPerSec" : 62.0712046458839,
    "sentKBytesPerSec" : 2.4203244973745237
  },
  "postReport-1" : {
    "transaction" : "postReport-1",
    "sampleCount" : 661,
    "errorCount" : 0,
    "errorPct" : 0.0,
    "meanResTime" : 961.9576399394862,
    "medianResTime" : 671.0,
    "minResTime" : 124.0,
    "maxResTime" : 6168.0,
    "pct1ResTime" : 2156.600000000003,
    "pct2ResTime" : 2975.9,
    "pct3ResTime" : 4766.099999999999,
    "throughput" : 2.767809661791246,
    "receivedKBytesPerSec" : 60.59335246757978,
    "sentKBytesPerSec" : 0.7000612328163405
  },
  "getReportForm" : {
    "transaction" : "getReportForm",
    "sampleCount" : 661,
    "errorCount" : 0,
    "errorPct" : 0.0,
    "meanResTime" : 838.7866868381243,
    "medianResTime" : 534.0,
    "minResTime" : 93.0,
    "maxResTime" : 5731.0,
    "pct1ResTime" : 2003.800000000003,
    "pct2ResTime" : 2903.0,
    "pct3ResTime" : 4674.42,
    "throughput" : 2.7845061819407295,
    "receivedKBytesPerSec" : 47.36664019551573,
    "sentKBytesPerSec" : 0.7124420113949913
  },
  "Total" : {
    "transaction" : "Total",
    "sampleCount" : 21356,
    "errorCount" : 662,
    "errorPct" : 3.0998313,
    "meanResTime" : 1322.1726446900202,
    "medianResTime" : 806.0,
    "minResTime" : 85.0,
    "maxResTime" : 11521.0,
    "pct1ResTime" : 3219.0,
    "pct2ResTime" : 4241.950000000001,
    "pct3ResTime" : 6304.950000000008,
    "throughput" : 88.22788209291276,
    "receivedKBytesPerSec" : 2191.9259738553737,
    "sentKBytesPerSec" : 39.62226592355043
  },
  "postPassword-3" : {
    "transaction" : "postPassword-3",
    "sampleCount" : 1563,
    "errorCount" : 0,
    "errorPct" : 0.0,
    "meanResTime" : 1094.7383237364018,
    "medianResTime" : 797.0,
    "minResTime" : 235.0,
    "maxResTime" : 6420.0,
    "pct1ResTime" : 2339.600000000001,
    "pct2ResTime" : 3138.999999999999,
    "pct3ResTime" : 4640.199999999993,
    "throughput" : 6.4788907542125225,
    "receivedKBytesPerSec" : 324.3090449413459,
    "sentKBytesPerSec" : 1.7399202897987522
  },
  "postLogin" : {
    "transaction" : "postLogin",
    "sampleCount" : 1573,
    "errorCount" : 0,
    "errorPct" : 0.0,
    "meanResTime" : 2596.7234583598215,
    "medianResTime" : 2206.0,
    "minResTime" : 93.0,
    "maxResTime" : 10388.0,
    "pct1ResTime" : 4851.000000000002,
    "pct2ResTime" : 5780.3,
    "pct3ResTime" : 7631.179999999998,
    "throughput" : 6.514347716251082,
    "receivedKBytesPerSec" : 353.35606968291734,
    "sentKBytesPerSec" : 5.836261884387929
  },
  "postPassword" : {
    "transaction" : "postPassword",
    "sampleCount" : 1563,
    "errorCount" : 662,
    "errorPct" : 42.354446,
    "meanResTime" : 3533.658989123476,
    "medianResTime" : 3152.0,
    "minResTime" : 615.0,
    "maxResTime" : 11521.0,
    "pct1ResTime" : 5998.6,
    "pct2ResTime" : 7204.999999999999,
    "pct3ResTime" : 9097.519999999999,
    "throughput" : 6.466453462634822,
    "receivedKBytesPerSec" : 337.0553295103823,
    "sentKBytesPerSec" : 7.9131019893756545
  },
  "postPassword-2" : {
    "transaction" : "postPassword-2",
    "sampleCount" : 1563,
    "errorCount" : 0,
    "errorPct" : 0.0,
    "meanResTime" : 801.0012795905301,
    "medianResTime" : 506.0,
    "minResTime" : 91.0,
    "maxResTime" : 6673.0,
    "pct1ResTime" : 1830.000000000002,
    "pct2ResTime" : 2802.7999999999993,
    "pct3ResTime" : 4629.759999999993,
    "throughput" : 6.483809144535431,
    "receivedKBytesPerSec" : 4.039810200539695,
    "sentKBytesPerSec" : 1.6969182202089088
  },
  "getHost" : {
    "transaction" : "getHost",
    "sampleCount" : 1595,
    "errorCount" : 0,
    "errorPct" : 0.0,
    "meanResTime" : 1836.0746081504724,
    "medianResTime" : 1445.0,
    "minResTime" : 223.0,
    "maxResTime" : 11203.0,
    "pct1ResTime" : 3558.200000000001,
    "pct2ResTime" : 4367.999999999995,
    "pct3ResTime" : 5885.44,
    "throughput" : 6.604089981243557,
    "receivedKBytesPerSec" : 323.5792133033078,
    "sentKBytesPerSec" : 3.384183683239689
  },
  "postReport-0" : {
    "transaction" : "postReport-0",
    "sampleCount" : 661,
    "errorCount" : 0,
    "errorPct" : 0.0,
    "meanResTime" : 1029.7957639939493,
    "medianResTime" : 813.0,
    "minResTime" : 147.0,
    "maxResTime" : 5379.0,
    "pct1ResTime" : 1984.2000000000003,
    "pct2ResTime" : 2683.1,
    "pct3ResTime" : 4214.299999999998,
    "throughput" : 2.759559305476118,
    "receivedKBytesPerSec" : 1.7193674174741473,
    "sentKBytesPerSec" : 1.7247245659225736
  }
}